epoch,train_loss,val_loss,val_per
0,12.388009413955658,4.285225364896986,0.938773000634304
1,3.5158764225680654,3.3293308946821423,0.942570584822416
2,3.38681988018315,3.467598703172472,0.9249018976014141
