epoch,train_loss,val_loss,val_per
0,4.210175808852281,3.5150916038020963,0.7583249616216826
1,3.2981549753406183,3.1714876390272573,0.7595931774520721
2,3.052921520985239,5.705419140477335,0.760095185648637
3,3.4039668057992207,3.217040461878623,0.7814000681724513
