epoch,train_loss,val_loss,val_per
0,4.773858410556142,3.537223630481296,0.9301058166872759
1,3.5758993645024493,3.8734265168507895,0.9372781542155197
