epoch,train_loss,val_loss,val_per
0,27.820671134524876,3.5285756587982178,1.0
