epoch,train_loss,val_loss,val_per
0,5.434313566164863,3.3225691836813223,0.963654984319314
1,3.2977871410828783,3.2246883537458335,0.9168179334851293
2,3.528398486904632,3.2200331480606743,0.9634057977684342
3,3.0839071184172666,3.0191745965377144,0.7719562359105369
4,3.3069341308192204,3.116420611091282,0.8830392424326234
5,2.9472406071827826,2.8650122414464536,0.7335523271940088
